"VICTORIA PARK AVE / 401 C W VICTORIA PR RAMP", "28"
"VICTORIA PARK AVE / CASSANDRA BLVD", "484"
"ST CLAIR AVE W / OAKWOOD AVE", "4316"
"WESTON RD / FERN AVE", "421"
"KINGSTON RD / SANDOWN AVE", "701"
"LAKE SHORE BLVD W / DAN LECKIE WAY", "148"
"DIXON RD / CITY VIEW DR / KELFIELD ST", "484"
"WARDEN AVE / METROPOLITAN RD", "126"
"CALEDONIA RD / GLENCAIRN AVE", "592"
"WILSON AVE / YONGE BLVD", "1166"
"MIDLAND AVE / MIDWEST RD", "152"
"DUFFERIN ST / DUNDAS ST W", "5244"
"YONGE ST / SCRIVENER SQ", "1027"
"SHEPPARD AVE E / DORIS AVE", "5683"
"CUMMER AVE / WILLOW HEIGHTS CRT", "164"
"BATHURST ST / NIAGARA ST", "2290"
"KEELE ST / JUNCTION RD", "333"
"DON MILLS RD / WYNFORD DR", "1249"
"KEELE ST / WHITBURN CRES", "370"
"DANFORTH RD / WINTER AVE", "260"
"ST CLAIR AVE W / ARLINGTON AVE", "2626"
"KIPLING AVE / KINGSVIEW BLVD", "310"
"EGLINTON AVE E / BAYVIEW AVE", "2880"
"KEELE ST / RUSTIC RD", "316"
"EGLINTON AVE W / ORIOLE PKWY", "488"
"WESTON RD / JOHN ST", "1228"
"LAKE SHORE BLVD W / TENTH ST", "1503"
"ST CLAIR AVE E / JEANETTE ST", "225"
"BLOOR ST W / WALMER RD / ROBERT ST", "10092"
"AVENUE RD / CHAPLIN CRES", "601"
"JANE ST / YEWTREE BLVD / FIRGROVE CRES", "2131"
"ST CLAIR AVE E / SELWYN AVE / GLEN EDEN CRES", "1170"
"JARVIS ST / ISABELLA ST", "2713"
"RICHMOND ST W / DUNCAN ST", "5417"
"EGLINTON AVE W / HEDDINGTON AVE", "2607"
"BRIMLEY RD / DORCOT AVE", "156"
"KIPLING AVE / RATHBURN RD", "286"
"KEELE ST / DIANA DR", "247"
"MARTIN GROVE RD / PORTERFIELD RD", "185"
"ST CLAIR AVE W / VIA ITALIA", "2538"
"KENNEDY RD / BERTRAND AVE", "700"
"ST CLAIR AVE W / TWEEDSMUIR AVE", "1240"
"MARKHAM RD / BRIMORTON DR", "1380"
"PARKSIDE DR / INDIAN VALLEY CRES", "366"
"MORNINGSIDE AVE / DANZIG ST", "312"
"JANE ST / BLACK CR N JANE ST RAMP", "53"
"ROYAL YORK RD / NORSEMAN ST", "549"
"DANFORTH AVE / GLEDHILL AVE / PATRICIA DR", "1663"
"BAYVIEW AVE / MCRAE DR / MERTON ST", "982"
"BLOOR ST W / MANNING AVE", "6120"
"MARTIN GROVE RD / LONGBOURNE DR", "323"
"BEECROFT RD / KEMPFORD BLVD", "702"
"BAYVIEW AVE / POST RD", "517"
"ADELAIDE ST E / GEORGE ST", "2697"
"LAWRENCE AVE W / DUFFLAW RD", "710"
"FINCH AVE W / ENDELL ST", "69"
"MARLEE AVE / GLENCAIRN AVE", "952"
"QUEEN ST W / DUNN AVE", "2643"
"KING ST W / SPENCER AVE", "2198"
"SHEPPARD AVE E / CONLINS RD", "118"
"AVENUE RD / DUNBLAINE AVE", "638"
"DANFORTH AVE / LINNSMORE CRES", "3348"
"VICTORIA PARK AVE / CRESCENT TOWN RD", "363"
"SPADINA AVE / HARBORD ST", "7679"
"EGLINTON AVE E / FALMOUTH AVE / GILDER DR", "1345"
"QUEEN ST E / SHERBOURNE ST", "4268"
"KEELE ST / LAWRENCE AVE W", "6505"
"LAKE SHORE BLVD E / CARLAW AVE", "624"
"MCCOWAN RD / PITFIELD RD / INVERGORDON AVE", "390"
"LAWRENCE AVE W / CHATSWORTH DR", "756"
"TRETHEWEY DR / MARTHA EATON WAY", "797"
"GREENWOOD AVE / MORTIMER AVE", "792"
"MARKHAM RD / 401 C E MARKHAM RD N RAMP", "14"
"SHEPPARD AVE E / MIDLAND AVE", "1223"
"ST CLAIR AVE W / VAUGHAN RD", "5943"
"JARVIS ST / WELLESLEY ST E", "5213"
"BATHURST ST / FORT YORK BLVD", "5808"
"QUEEN ST W / GLADSTONE AVE / SUDBURY ST", "1546"
"MORNINGSIDE AVE / 401 C W MORNINGSIDE AVE N RAMP / CINEMART DR", "93"
"YORK MILLS RD / DVP S YORK MILLS W RAMP", "30"
"DUFFERIN ST / HALLAM ST", "911"
"ELLESMERE RD / DORMINGTON DR / GANDER DR", "857"
"ADELAIDE ST W / DUNCAN ST", "3714"
"EGLINTON AVE W / CALEDONIA RD", "1678"
"MIDLAND AVE / DORCOT AVE", "182"
"MCCOWAN RD / KENHATCH BLVD", "177"
"BAYVIEW AVE / KILGOUR RD", "768"
"LUMSDEN AVE / MAIN ST", "1003"
"SPADINA AVE / DUNDAS ST W", "26960"
"STEELES AVE E / CONACHER DR", "397"
"OSSINGTON AVE / HARBORD ST", "894"
"CHURCH ST / PARK RD", "2212"
"DON MILLS RD / MOATFIELD DR", "255"
"KING ST E / PARLIAMENT ST", "2650"
"FINCH AVE W / WOODBINE DOWNS BLVD / HALESIA DR", "624"
"PHARMACY AVE / DEWEY DR", "732"
"BURNHAMTHORPE RD / RENFORTH DR", "312"
"EVANS AVE / BESTOBELL RD", "127"
"LANSDOWNE AVE / SEAFORTH AVE", "1245"
"VICTORIA PARK AVE / OLD SHEPPARD AVE / HUNTINGWOOD DR", "491"
"TALBOT RD / BLAKE AVE", "89"
"ADELAIDE ST E / VICTORIA ST", "18326"
"EGLINTON AVE W / GABIAN WAY", "1723"
"THE QUEENSWAY / GLENDALE AVE", "555"
"BREMNER BLVD / NAVY WHARF CRT", "709"
"ROYAL YORK RD / NEWCASTLE ST", "505"
"ST CLAIR AVE E / VICTORIA PARK AVE", "2634"
"KINGSTON RD / WOODBINE AVE", "954"
"JANE ST / TROUTBROOKE DR", "218"
"DORIS AVE / EMPRESS AVE", "3553"
"KINGSTON RD / 401 C E 2A W RAMP", "62"
"KEELE ST / VICTORY DR", "1118"
"DANFORTH AVE / VICTORIA PARK AVE", "5470"
"MEADOWVALE RD / DEAN PARK RD / GENERATION BLVD", "391"
"MCCOWAN RD / TRITON RD", "233"
"QUEEN ST E / SUMACH ST", "2578"
"CONSILIUM PL / CORPORATE DR", "298"
"DANFORTH AVE / WARDEN AVE", "488"
"KEELE ST / MILFORD AVE", "405"
"MIDLAND AVE / SILVER STAR BLVD / SOUTH SHIELDS AVE", "798"
"YORK MILLS RD / VALENTINE DR / SILVERDALE CRES", "237"
"ELLESMERE RD / MORNINGSIDE AVE", "1660"
"SHEPPARD AVE E / AMETHYST RD", "67"
"COXWELL AVE / MORTIMER AVE", "947"
"MARKHAM RD / PAINTED POST DR", "500"
"DON MILLS RD / ST DENNIS DR", "872"
"MARKHAM RD / MCLEVIN AVE / NUGGET AVE", "631"
"DON MILLS RD / MALLARD RD", "502"
"JANE ST / GRANDRAVINE DR", "797"
"HORNER AVE / BETA ST", "350"
"QUEEN ST E / RIVER ST", "1047"
"LESLIE ST / TALWOOD DR", "248"
"SPADINA RD / LONSDALE RD", "4816"
"KEELE ST / GRANDRAVINE DR", "237"
"DANFORTH RD / MIDLAND AVE", "839"
"BATHURST ST / CARIBOU RD / DELL PARK AVE", "210"
"MOUNT PLEASANT RD / GLENGOWAN RD", "165"
"ISLINGTON AVE / ADVANCE RD", "263"
"UNIVERSITY AVE / RICHMOND ST W", "5525"
"WILSON AVE / DUFFERIN ST", "1122"
"JANE ST / HANEY AVE", "421"
"SHERWAY GARDENS RD / GARDINER X W SHERWAY GARDENS RAMP", "0"
"JANE ST / EDDYSTONE AVE", "642"
"YONGE ST / MILL ST", "365"
"STEELES AVE W / HILDA AVE", "1322"
"KEELE ST / BROADOAKS DR", "1532"
"FINCH AVE W / BEECROFT RD / GREENVIEW AVE", "1391"
"MARTIN GROVE RD / RICHGROVE DR", "687"
"RICHMOND ST W / PETER ST", "7477"
"KIPLING AVE / BIRMINGHAM ST", "794"
"DUFFERIN ST / HUNTER AVE", "112"
"KINGSTON RD / GALLOWAY RD", "850"
"NEILSON RD / 401 C W NEILSON RD RAMP / NEILSON RD S 401 C W RAMP", "12"
"DUFFERIN ST / ST CLAIR AVE W", "11935"
"DUNDAS ST E / PAPE AVE", "1072"
"SHEPPARD AVE W / JOHN DRURY DR", "315"
"YORK MILLS RD / FENN AVE", "363"
"GERRARD ST E / MALVERN AVE", "300"
"DANFORTH RD / WARDEN AVE", "385"
"ADELAIDE ST E / PARLIAMENT ST", "685"
"KING ST W / DUNN AVE", "2582"
"MOUNT PLEASANT RD / LAWRENCE AVE E", "290"
"SPADINA RD / BERNARD AVE", "1020"
"EGLINTON AVE E / LAIRD DR", "2018"
"LAKE SHORE BLVD W / THIRTIETH ST", "638"
"PROGRESS AVE / SCHICK CRT", "53"
"KIPLING AVE / HORNER AVE", "699"
"ALBION RD / CALSTOCK DR", "123"
"PARKSIDE DR / HOWARD PARK AVE", "583"
"FINCH AVE W / DRIFTWOOD AVE", "2202"
"MCNICOLL AVE / HUTCHCROFT AVE", "87"
"VICTORIA PARK AVE / DENTON AVE", "1780"
"GERRARD ST E / LOGAN AVE", "2688"
"KING ST W / YORK ST", "20091"
"LAWRENCE AVE E / WARDEN AVE", "2352"
"AVENUE RD / GLENGROVE AVE W", "416"
"GERRARD ST E / MAIN ST", "1627"
"MOUNT PLEASANT RD / DAVISVILLE AVE", "2463"
"RICHMOND ST E / PARLIAMENT ST", "1642"
"ISLINGTON AVE / THE WESTWAY", "546"
"LAKE SHORE BLVD W / REMEMBRANCE DR / NEW BRUNSWICK WAY", "121"
"MIDLAND AVE / STANSBURY CRES", "376"
"DANFORTH RD / PILKINGTON DR", "327"
"SCARBOROUGH GOLF CLUB RD / PAR AVE", "853"
"UNIVERSITY AVE / KING ST W", "8406"
"BERMONDSEY RD / SUNRISE AVE", "142"
"AVENUE RD / ROSELAWN AVE", "940"
"BATHURST ST / FINCH AVE W", "6373"
"KINGSTON RD / SCARBOROUGH RD", "2467"
"JANE ST / BALA AVE / EMMETT AVE", "847"
"WILSON AVE / ANCASTER RD", "306"
"DUNDAS ST W / MANNING AVE", "2028"
"THE QUEENSWAY / TAYMALL AVE / WADSWORTH CRES", "448"
"FINCH AVE E / WINLOCK PK", "195"
"ORTON PARK RD / BRIMORTON DR", "315"
"QUEEN ST E / CARLAW AVE", "3128"
"FINCH AVE E / WARDEN AVE", "5416"
"ISLINGTON AVE / EVANS AVE", "125"
"BATHURST ST / WARWICK AVE", "339"
"LAWRENCE AVE W / BROOKHAVEN DR", "670"
"LAKE SHORE BLVD W / FIRST ST", "642"
"COLLEGE ST / OSSINGTON AVE", "5290"
"MILLWICK DR / MILVAN DR", "66"
"AVENUE RD / MELROSE AVE", "1380"
"MARTIN GROVE RD / BELFIELD RD", "103"
"KING ST E / SHERBOURNE ST", "4473"
"LAKE SHORE BLVD W / PALACE PIER CRT", "100"
"WARDEN AVE / HUNTINGWOOD DR", "341"
"LAKE SHORE BLVD W / STRACHAN AVE / REMEMBRANCE DR", "163"
"STEELES AVE E / LESLIE ST", "212"
"BLOOR ST W / HAVELOCK ST", "1164"
"YONGE ST / CASTLEFIELD AVE", "3080"
"SPADINA AVE / KING ST W", "14705"
"WESTON RD / ORMONT DR", "372"
"FINCH AVE E / MILLIKEN BLVD", "424"
"DUFFERIN ST / DUPONT ST", "2644"
"BATHURST ST / LONSDALE RD / CLAXTON BLVD", "508"
"FINCH AVE E / FINCHDENE SQ", "67"
"DUFFERIN ST / GIBSON ST", "186"
"BATHURST ST / NINA ST", "840"
"MORNINGSIDE AVE / TEFFT RD", "268"
"EGLINTON AVE E / EGLINTON SQ", "446"
"BEECROFT RD / ELLERSLIE AVE", "282"
"DUNDAS ST E / COXWELL AVE", "1007"
"BIRCHMOUNT RD / MODERN RD", "149"
"SHEPPARD AVE W / OAKDALE RD", "366"
"STEELES AVE E / BAYVIEW AVE", "470"
"KINGSTON RD / PARKCREST DR", "361"
"VICTORIA PARK AVE / MCNICOLL AVE", "596"
"COLLEGE ST / CRAWFORD ST", "3172"
"MARTIN GROVE RD / MILKWOOD AVE", "190"
"OVERLEA BLVD / THORNCLIFFE PARK DR", "2479"
"STEELES AVE W / ALNESS ST", "159"
"EGLINTON AVE W / CASTLE KNOCK RD", "1811"
"SHEPPARD AVE E / WILLOWDALE AVE", "332"
"BLOOR ST E / PARLIAMENT ST", "481"
"KIPLING AVE / THE WESTWAY", "579"
"VICTORIA PARK AVE / ELVASTON DR", "493"
"BIRCHMOUNT RD / MCNICOLL AVE", "94"
"REXDALE BLVD / ISLINGTON AVE", "91"
"COXWELL AVE / HANSON ST", "1662"
"DUFFERIN ST / BILLY BISHOP WAY", "93"
"DANFORTH RD / BRIMLEY RD", "560"
"YONGE ST / ROSEHILL AVE", "5086"
"KINGSTON RD / GLEN EVEREST RD", "349"
"DON MILLS RD / AU LARGE BLVD", "695"
"JANE ST / HARDING AVE", "825"
"AVENUE RD / HILLHURST BLVD", "438"
"DUPONT ST / SPADINA RD", "4549"
"KING ST W / SIMCOE ST", "25628"
"ALBION RD / WESTON RD ALBION RD RAMP", "52"
"ELLESMERE RD / NEILSON RD", "1490"
"DUNDAS ST W / CLENDENAN AVE", "1933"
"OLD WESTON RD / DAVENPORT RD", "144"
"HUMBERWOOD BLVD / MORNING STAR DR", "374"
"MIDLAND AVE / GILDER DR / LORD ROBERTS DR", "1664"
"BAYVIEW AVE / CUMMER AVE", "538"
"BATHURST ST / INVERMAY AVE", "748"
"DUNDAS ST W / GILMOUR AVE", "913"
"LESLIE ST / FRANCINE DR", "135"
"BAY ST / CUMBERLAND ST", "13132"
"GERRARD ST E / JONES AVE", "2189"
"MOUNT PLEASANT RD / SOUDAN AVE", "1802"
"LAWRENCE AVE E / FORTUNE GT", "260"
"BLOOR ST W / HIGH PARK AVE / COLBORNE LODGE DR", "1996"
"HUMBER COLLEGE BLVD / WESTMORE DR", "532"
"BIRCHMOUNT RD / STALEY TER", "53"
"MILLWOOD RD / VILLAGE STATION RD / REDWAY RD", "164"
"QUEEN ST E / ELMER AVE", "1951"
"ALBION RD / WESTON RD / WALSH AVE", "669"
"WILSON AVE / RIDLEY BLVD", "1092"
"QUEEN ST E / WINEVA AVE", "3167"
"KIPLING AVE / HENLEY CRES", "405"
"DANFORTH RD / MAGNOLIA AVE", "304"
"PHARMACY AVE / HUNTINGWOOD DR", "343"
"DANFORTH AVE / COXWELL AVE", "7267"
"BRIMLEY RD / TRITON RD", "60"
"HARBORD ST / HURON ST", "5206"
"EGLINTON AVE E / MASON RD", "1023"
"SHEPPARD AVE W / MIN AVE / YATESCASTLE DR", "338"
"MILLWOOD RD / OVERLEA BLVD", "250"
"AVENUE RD / COTTINGHAM ST", "662"
"EGLINTON AVE W / OAKWOOD AVE", "3006"
"DUNDAS ST W / RUNNYMEDE RD", "1280"
"LAKE SHORE BLVD E / YONGE ST / HARBOUR ST", "3796"
"LAWRENCE AVE E / GALLOWAY RD", "1272"
"ELLESMERE RD / CONLINS RD", "549"
"LAWRENCE AVE E / ORTON PARK RD", "654"
"DUNDAS ST W / AUKLAND RD", "1458"
"LAWRENCE AVE W / ALLEN X N LAWRENCE RAMP / LAWRENCE E ALLEN X N RAMP", "2759"
"MOUNT PLEASANT RD / INGLEWOOD DR", "493"
"CHURCH ST / SHUTER ST", "6952"
"EGLINTON AVE E / WARDEN AVE", "1947"
"BIRCHMOUNT RD / ALLANFORD RD / SCARDEN AVE", "113"
"ISLINGTON AVE / BERGAMOT AVE", "1120"
"LAKE SHORE BLVD E / CHERRY ST", "390"
"RICHMOND ST W / BRANT ST", "773"
"YONGE ST / GROSVENOR ST", "11734"
"KIPLING AVE / STEVENSON RD", "1700"
"BIRCHMOUNT RD / NEWLANDS AVE", "896"
"EGLINTON AVE W / DUPLEX AVE", "1967"
"VICTORIA PARK AVE / PARMA CRT", "119"
"MOUNT PLEASANT RD / MOORE AVE", "237"
"SHEPPARD AVE E / ROUGE RIVER DR", "124"
"YONGE ST / YORKVILLE AVE", "5014"
"BELLAMY RD N / BENLEIGH DR", "578"
"KING ST W / SHAW ST", "5678"
"SHEPPARD AVE E / DEAN PARK RD / ROUGE RIVER DR", "386"
"ST CLAIR AVE W / NORTHCLIFFE BLVD", "2837"
"BATHURST ST / DAVENPORT RD", "657"
"MIDLAND AVE / NORBURY CRES", "198"
"WESTON RD / BIRDSTONE CRES", "1186"
"LAKE SHORE BLVD E / WOODBINE AVE", "270"
"DANFORTH AVE / DAWES RD", "1414"
"EGLINTON AVE W / MATHESON BLVD", "2"
"SPADINA RD / LOWTHER AVE", "2782"
"EGLINTON AVE E / DONLEA DR", "252"
"QUEEN ST W / JOHN ST", "24081"
"EASTERN AVE / CARLAW AVE", "385"
"EASTERN AVE / LOGAN AVE", "609"
"ST CLAIR AVE W / GLENHOLME AVE", "1398"
"CARLINGVIEW DR / DISCO RD", "24"
"MARKHAM RD / TUXEDO CRT", "807"
"DANFORTH AVE / PLAYTER BLVD", "3294"
"BLOOR ST W / DURIE ST", "3690"
"YONGE ST / GOULD ST", "11381"
"TAPSCOTT RD / CROW TRL", "102"
"DIXON RD / CARLINGVIEW DR", "512"
"WOODBINE AVE / COSBURN AVE", "878"
"DANFORTH AVE / GREENWOOD AVE", "3536"
"KING ST W / DUFFERIN ST", "5310"
"LAWRENCE AVE E / MILDENHALL RD", "243"
"SHEPPARD AVE E / MORNINGSIDE AVE", "1274"
"BATHURST ST / LENNOX ST", "3252"
"UNIVERSITY AVE / DUNDAS ST W", "28927"
"BURNHAMTHORPE RD / OLD BURNHAMTHORPE RD", "216"
"BAYVIEW AVE / FIFE RD / FIFESHIRE RD", "606"
"WILSON AVE / BEVERLY HILLS DR", "107"
"DUPONT ST / OSSINGTON AVE", "1091"
"DANFORTH AVE / GLEBEMOUNT AVE", "1152"
"SPADINA AVE / ADELAIDE ST W", "7818"
"BATHURST ST / CODSELL AVE", "224"
"SHEPPARD AVE E / WILFRED AVE", "329"
"BAY ST / RICHMOND ST W", "26445"
"ISLINGTON AVE / JUDSON ST", "89"
"LESLIE ST / CLANSMAN BLVD / CASTLEBURY CRES", "680"
"KINGSTON RD / EGLINTON AVE E", "306"
"QUEEN ST W / SHAW ST", "2755"
"BAYVIEW AVE / NESBITT DR", "52"
"DANFORTH RD / NORTH WOODROW BLVD", "325"
"YONGE ST / SHUTER ST", "15491"
"SHEPPARD AVE E / KENNETH AVE / LEONA DR", "1877"
"UNIVERSITY AVE / ADELAIDE ST W", "5715"
"LAWRENCE AVE W / GLEN RUSH BLVD", "527"
"HARBORD ST / SHAW ST", "1545"
"DON MILLS RD / BARBER GREENE RD / GREEN BELT DR", "933"
"MARKHAM RD / SHEPPARD AVE E", "1054"
"MARKHAM RD / MARKANNA DR", "355"
"COLLEGE ST / CLINTON ST", "3612"
"YONGE ST / BROADWAY AVE / MONTGOMERY AVE", "14176"
"WILSON HEIGHTS BLVD / WATERLOO AVE", "102"
"ISLINGTON AVE / RATHBURN RD", "221"
"DUNDAS ST W / HUMBER HILL AVE", "372"
"SIGNET DR / ORMONT DR", "162"
"YONGE ST / BELSIZE DR", "1374"
"BRIMLEY RD / SHEPPARD AVE E", "1233"
"BAY ST / WELLINGTON ST W", "32319"
"JANE ST / GILTSPUR DR", "181"
"HARBORD ST / GRACE ST", "1833"
"QUEEN ST W / AUGUSTA AVE", "6250"
"BATHURST ST / QUEEN ST W", "10895"
"DUNDAS ST E / CHURCH ST", "10302"
"AVENUE RD / WOBURN AVE", "1033"
"UNIVERSITY AVE / GERRARD ST W", "9081"
"SHERBOURNE ST / CARLTON ST", "4328"
"PORT UNION RD / CONFERENCE BLVD", "211"
"MOUNT PLEASANT RD / ERSKINE AVE", "774"
"MARKHAM RD / GREENCEDAR CRCT / GREENCREST CRCT", "2065"
"EGLINTON AVE E / CREDIT UNION DR / SWIFT DR", "431"
"KINGSTON RD / CLAREMORE AVE / CLIFFSIDE DR", "394"
"COLLEGE ST / GRACE ST", "4262"
"FINCH AVE W / TANGIERS RD", "1532"
"LAWRENCE AVE E / MARCOS BLVD", "869"
"THE QUEENSWAY / ROYAL YORK RD", "1832"
"KINGSTON RD / BIRCHMOUNT RD", "286"
"DUNDAS ST W / GRACE ST", "1682"
"ST CLAIR AVE E / WESTBOURNE AVE", "421"
"COXWELL AVE / SAMMON AVE", "2703"
"WESTON RD / DENISON RD E / DENISON RD W", "458"
"DWIGHT AVE / NEW TORONTO ST / STRUTHERS ST", "203"
"WILSON AVE / WILLIAM CRAGG DR", "184"
"BLOOR ST W / WINDERMERE AVE", "5135"
"PHARMACY AVE / INNISWOOD DR", "324"
"ADELAIDE ST E / BERKELEY ST", "560"
"ST CLAIR AVE W / CHRISTIE ST", "2819"
"KEELE ST / DONALD AVE", "1348"
"BLOOR ST W / INDIAN RD", "1648"
"KENNEDY RD / COWDRAY CRT", "116"
"WARDEN AVE / LUPIN DR", "93"
"DUNDAS ST E / GREENWOOD AVE", "1168"
"DUFFERIN ST / GLENCAIRN AVE", "1073"
"VICTORIA PARK AVE / CURLEW DR / LYNVALLEY CRES", "502"
"QUEEN ST W / DUFFERIN ST", "6472"
"DIXON RD / 401 X E DIXON W RAMP", "2"
"VICTORIA PARK AVE / BASSETT AVE / YARDLEY AVE", "302"
"LAKE SHORE BLVD W / BURLINGTON ST", "1159"
"LAKE SHORE BLVD E / LESLIE ST", "764"
"ELLESMERE RD / BIRCHMOUNT RD", "1683"
"FRONT ST E / BERKELEY ST", "1526"
"PARKSIDE DR / SPRING RD", "237"
"BAYVIEW AVE / 401 C W BAYVIEW RAMP", "354"
"BLOOR ST W / NEILSON DR", "120"
"MIDLAND AVE / PROGRESS AVE", "227"
"KENNEDY RD / CORVETTE AVE", "447"
"DON MILLS RD / CHIPPING RD", "176"
"BAY ST / ADELAIDE ST W", "28424"
"LAWRENCE AVE E / BELLAMY RD N", "1329"
"WARDEN AVE / ASHTONBEE RD", "983"
"RICHMOND ST W / PORTLAND ST", "5835"
"AVENUE RD / ST CLEMENTS AVE", "970"
"BAY ST / GROSVENOR ST", "6448"
"KING ST E / GEORGE ST", "11774"
"EGLINTON AVE E / REDPATH AVE", "6034"
"ISLINGTON AVE / NEW TORONTO ST", "118"
"ALBION RD / SHENDALE DR", "249"
"BLOOR ST E / CHURCH ST", "27313"
"ELLESMERE RD / PRINCIPAL RD", "269"
"AVENUE RD / COLLEGE VIEW AVE", "650"
"MIDLAND AVE / LOCKIE AVE", "676"
"MARTIN GROVE RD / RACINE RD", "42"
"DUPONT ST / HOWLAND AVE", "1545"
"ALBION RD / SILVERSTONE DR", "312"
"BIRCHMOUNT RD / FLORA DR", "172"
"EGLINTON AVE W / MARLEE AVE", "1355"
"KIPLING AVE / NORSEMAN ST", "300"
"ROYAL YORK RD / TREHORNE DR", "606"
"MIDLAND AVE / VERDUN AVE", "467"
"CASTLEFIELD AVE / KINCORT ST", "67"
"STEELES AVE E / WILLOWDALE AVE", "236"
"SIMCOE ST / WELLINGTON ST W", "17868"
"KIPLING AVE / EVANS AVE", "1056"
"JANE ST / CLAIR RD / SPENVALLEY DR", "1520"
"DON MILLS RD / CLIFFWOOD RD", "828"
"NEILSON RD / MCLEVIN AVE", "1424"
"FENMAR DR / ORMONT DR", "64"
"DANFORTH AVE / DONLANDS AVE", "4429"
"DON MILLS RD E / DEERFORD RD", "1574"
"ADELAIDE ST W / SHEPPARD ST", "6037"
"WILSON AVE / GARRATT BLVD / NORTHGATE DR", "820"
"ALBION RD / ELMHURST DR", "291"
"DAVENPORT RD / SYMINGTON AVE", "898"
"DANFORTH AVE / BROADVIEW AVE", "12023"
"DANFORTH RD / TRUDELLE ST", "400"
"MILLWOOD RD / SUTHERLAND DR", "581"
"KINGSTON RD / BEECH AVE", "821"
"KIPLING AVE / PRINCESS MARGARET BLVD", "119"
"MORNINGSIDE AVE / OLD FINCH AVE", "102"
"BATHURST ST / EGLINTON AVE W", "2504"
"HARBORD ST / CLINTON ST", "1311"
"LAWRENCE AVE E / MIDLAND AVE", "2163"
"BAYVIEW AVE / MILLWOOD RD", "2599"
"KINGSTON RD / VICTORIA PARK AVE", "2506"
"BATHURST ST / VIEWMOUNT AVE", "924"
"DUPONT ST / SHAW ST", "867"
"REXDALE BLVD / KIPLING AVE", "1658"
"QUEENS QUAY W / DAN LECKIE WAY", "1156"
"LAKE SHORE BLVD W / LOWER SIMCOE ST", "1587"
"DANFORTH AVE / BYNG AVE", "826"
"FINCH AVE W / TOBERMORY DR", "817"
"SPADINA AVE / QUEEN ST W", "19460"
"QUEEN ST W / BROCK AVE", "2065"
"MOUNT PLEASANT RD / ROEHAMPTON AVE", "3233"
"DUNDAS ST E / SHERBOURNE ST", "5541"
"RATHBURN RD / THE EAST MALL", "476"
"SHEPPARD AVE W / WILSON HEIGHTS BLVD", "2093"
"DUFFERIN ST / ORFUS RD", "1334"
"GATEWAY BLVD / GRENOBLE DR", "1316"
"ADELAIDE ST W / PORTLAND ST", "2694"
"BAY ST / KING ST W", "47561"
"BAYVIEW AVE / BAYVIEW MEWS LANE", "620"
"EGLINTON AVE W / BICKNELL AVE / MUNICIPAL DR", "1035"
"WILLIAM R ALLEN RD / DE BOERS DR", "216"
"EGLINTON AVE W / THE EAST MALL / 427 C N EGLINTON RAMP", "127"
"WESTON RD / FENMAR DR", "42"
"DON MILLS RD / EGLINTON AVE E", "2597"
"QUEEN ST E / GREENWOOD AVE", "1812"
"KINGSTON RD / DUNDAS ST E / DIXON AVE", "1020"
"EGLINTON AVE E / PHARMACY AVE", "1396"
"KING ST W / JAMESON AVE", "5191"
"MORNINGSIDE AVE / MILITARY TRL", "1845"
"ROYAL YORK RD / EVANS AVE", "472"
"YONGE ST / CHURCH AVE / CHURCHILL AVE", "5164"
"DUFFERIN ST / AUBURN AVE", "733"
"WESTON RD / LITTLE AVE / ELSMERE AVE", "1392"
"KINGSTON RD / 401 C W KINGSTON RD RAMP", "78"
"THE EAST MALL / NORTH QUEEN ST", "222"
"DANFORTH RD / GLENSHEPHARD DR", "77"
"LAWRENCE AVE W / APEX RD / GOOD SHEPHERD CRT", "535"
"FINCH AVE W / TALBOT RD", "933"
"BAY ST / FRONT ST W", "17115"
"ORIOLE PKWY / GORMLEY AVE", "195"
"LAWRENCE AVE W / BENTON RD", "938"
"SHEPPARD AVE W / BEECROFT RD", "1356"
"MARTIN GROVE RD / DEWITT RD", "88"
"STEELES AVE E / VICTORIA PARK AVE", "701"
"MARTIN GROVE RD / CABERNET CRCL / GIHON SPRING DR", "308"
"YONGE ST / MADAWASKA AVE / MOORE PARK AVE", "1461"
"COLLEGE ST / HURON ST", "7346"
"YONGE ST / FAIRLAWN AVE", "3893"
"WESTON RD / LAMBTON AVE", "410"
"JANE ST / DRIFTWOOD AVE / MILO PARK GT", "2030"
"JANE ST / PRITCHARD AVE", "729"
"UNIVERSITY AVE / YORK ST / FRONT ST W", "17564"
"CHURCH ST / ALEXANDER ST", "5265"
"SHEPPARD AVE E / HERONS HILL WAY", "1170"
"EGLINTON AVE W / VESTA DR", "1220"
"BATHURST ST / DREWRY AVE / ANTIBES DR", "1614"
"DUFFERIN ST / EGLINTON AVE W", "8427"
"BATHURST ST / VESTA DR / RIDGE HILL DR", "1016"
"BRIMLEY RD / HUNTINGWOOD DR", "1042"
"SPADINA AVE / ST ANDREW ST", "2635"
"KINGSTON RD / BRIMLEY RD / BRIMLEY RD S", "790"
"AVENUE RD / HEATH ST W", "933"
"UNIVERSITY AVE / WELLINGTON ST W", "18152"
"BIRCHMOUNT RD / TIMBERBANK BLVD / GLENDOWER CRCT", "213"
"EGLINTON AVE W / CHAPLIN CRES", "1037"
"BAYVIEW AVE / BLYTHWOOD RD / WELLNESS WAY", "765"
"MARLEE AVE / RIDELLE AVE", "1894"
"LAKE SHORE BLVD W / TWENTY SEVENTH ST", "1358"
"JARVIS ST / GERRARD ST E", "6493"
"SHEPPARD AVE W / GODDARD ST", "413"
"BLOOR ST W / THE WEST MALL", "1170"
"WELLESLEY ST E / ONTARIO ST", "3393"
"MOUNT PLEASANT RD / ST CLAIR AVE E", "366"
"LAKE SHORE BLVD E / PARLIAMENT ST", "601"
"LAWRENCE AVE E / SCARBOROUGH GOLF CLUB RD", "800"
"QUEEN ST W / DOVERCOURT RD", "1734"
"KINGSTON RD / FALLINGBROOK RD", "895"
"KIPLING AVE / BEACONHILL RD", "404"
"WARDEN AVE / COMSTOCK RD", "763"
"SHEPPARD AVE E / SHAUGHNESSY BLVD", "378"
"YONGE ST / CRESCENT RD", "3758"
"BREMNER BLVD / VAN DE WATER CRES", "1034"
"WILSON AVE / JETHRO RD", "141"
"BLACK CREEK DR / EGLINTON AVE W", "352"
"BRIMLEY RD / PITFIELD RD", "301"
"SPADINA AVE / WILLCOCKS ST", "5235"
"SPADINA AVE / COLLEGE ST", "10810"
"DAVENPORT RD / BEDFORD RD", "1271"
"AVENUE RD / DUPONT ST", "642"
"THE QUEENSWAY / THE EAST MALL", "222"
"DUNDAS ST E / VICTORIA ST", "10912"
"SHEPPARD AVE W / BUCKLAND RD", "129"
"BAY ST / YORKVILLE AVE", "8385"
"VICTORIA PARK AVE / DAWES RD", "565"
"MARTIN GROVE RD / BETHRIDGE RD", "42"
"DUNDAS ST W / EAST MALL CRES", "850"
"MARTIN GROVE RD / LAVINGTON DR", "74"
"EGLINTON AVE W / FLANDERS RD", "344"
"BLOOR ST W / AUKLAND RD", "446"
"BATHURST ST / ROCKFORD RD / DEWLANE DR", "1193"
"FINCH AVE E / SANDHURST CRCL", "2056"
"DIXON RD / KIPLING AVE", "1693"
"WILLOWDALE AVE / ABITIBI AVE", "92"
"DAVENPORT RD / LAUGHTON AVE", "1293"
"BLOOR ST W / DOVERCOURT RD", "2966"
"DON MILLS RD / SENECA HILL DR", "1287"
"DON MILLS RD / HAVENBROOK BLVD / PARKWAY FOREST DR", "1176"
"ST CLAIR AVE W / DUNVEGAN RD", "1071"
"EGLINTON AVE E / MCCOWAN RD", "987"
"WESTON RD / SHEPPARD AVE W", "450"
"DANFORTH AVE / WESTLAKE AVE", "1366"
"QUEEN ST W / PALMERSTON AVE / TECUMSETH ST", "6170"
"WELLINGTON ST W / BLUE JAYS WAY", "7101"
"SPADINA AVE / WELLINGTON ST W", "538"
"WARDEN AVE / BERTRAND AVE", "23"
"KEELE ST / TORO RD", "513"
"LAWRENCE AVE E / THE DONWAY E", "1260"
"BLOOR ST W / SHAVER AVE N / SHAVER AVE S", "333"
"KENNEDY RD / MCNICOLL AVE", "1884"
"QUEEN ST W / PORTLAND ST", "9439"
"MARTIN GROVE RD / BETTERIDGE LANE", "362"
"SHEPPARD AVE E / MURISON BLVD", "106"
"SHEPPARD AVE E / SETTLERS RD", "1215"
"ST CLAIR AVE W / EARLSCOURT AVE", "1178"
"LAWRENCE AVE E / OVERTURE RD", "233"
"DUNDAS ST W / CLOVERDALE MALL / 427 C N DUNDAS RAMP", "132"
"FINCH AVE W / WILMINGTON AVE", "698"
"VICTORIA PARK AVE / PATRICK BLVD", "774"
"JANE ST / DUNDAS ST W", "1243"
"LAWRENCE AVE E / BROCKLEY DR", "845"
"JANE ST / SHOREHAM DR", "2428"
"DAVENPORT RD / OSSINGTON AVE", "431"
"KEELE ST / BEECHBOROUGH AVE", "274"
"BIRCHMOUNT RD / BAY MILLS BLVD / BONIS AVE", "1260"
"EGLINTON AVE E / RUMSEY RD", "716"
"SPADINA CRES / RUSSELL ST", "1391"
"RENFORTH DR / SILVER DART DR", "5"
"DUPONT ST / CHRISTIE ST", "2610"
"EGLINTON AVE W / ROSTREVOR RD", "1025"
"ALBION RD / KIPLING AVE", "720"
"COLLEGE ST / DUFFERIN ST", "5131"
"AVENUE RD / ROE AVE", "326"
"BAYVIEW AVE / TUDOR GT", "30"
"WARDEN AVE / TOWER DR", "240"
"FINCH AVE E / PHARMACY AVE", "935"
"KINGSTON RD / ELMER AVE", "579"
"LAWRENCE AVE E / HOWDEN RD / UNDERWRITERS RD", "928"
"DON MILLS RD / THE DONWAY E / THE DONWAY W", "199"
"MOUNT PLEASANT RD / SHERWOOD AVE", "611"
"DANFORTH AVE / CARLAW AVE", "3431"
"BATHURST ST / BRIAR HILL AVE", "572"
"WESTON RD / DAMASK AVE", "640"
"OLD WESTON RD / TURNBERRY AVE", "472"
"COLLEGE ST / DOVERCOURT RD", "4611"
"TORO RD / TANGIERS RD", "52"
"SPADINA AVE / RICHMOND ST W", "9693"
"PARK LAWN RD / BERRY RD", "529"
"KEELE ST / CALVINGTON DR", "526"
"BELLAMY RD N / NELSON ST", "667"
"BURNHAMTHORPE RD / 427 C N BURNHAMTHORPE RAMP", "69"
"MILLWOOD RD / MCRAE DR", "976"
"DUNDAS ST W / NEILSON DR / WEST MALL CRES", "223"
"MCNICOLL AVE / DYNAMIC DR", "68"
"AVENUE RD / DAVENPORT RD", "4661"
"ST CLAIR AVE E / AVOCA AVE", "975"
"BATHURST ST / BARTON AVE", "2617"
"EGLINTON AVE E / VICTORIA PARK AVE", "2166"
"DIXON RD / ISLINGTON AVE", "1581"
"MIDLAND AVE / MARCOS BLVD / ROMULUS DR", "524"
"DUNDAS ST W / CHESTNUT ST", "17916"
"ALBION RD / CARRIER DR", "163"
"AVENUE RD / EGLINTON AVE W", "3717"
"DOVERCOURT RD / DEWSON ST", "1005"
"GERRARD ST E / PAPE AVE", "2677"
"LAWRENCE AVE W / VARNA DR", "175"
"ELLESMERE RD / BOROUGH APPROACH E", "147"
"GERRARD ST E / RIVER ST", "1068"
"ST CLAIR AVE E / PLAXTON DR", "246"
"MIDDLEFIELD RD / MCNICOLL AVE", "122"
"DUNDAS ST W / WINDERMERE AVE", "630"
"KEELE ST / SHEPPARD AVE W", "2043"
"JARVIS ST / MAITLAND PL / MAITLAND ST", "3347"
"YONGE ST / WILLIAM CARSON CRES", "710"
"SCARLETT RD / LA ROSE AVE", "175"
"JANE ST / LAWRENCE AVE W", "4386"
"THE QUEENSWAY / ZORRA ST", "300"
"MARTIN GROVE RD / JEFFCOAT DR", "137"
"KING ST W / STRACHAN AVE", "4681"
"QUEEN ST E / CHURCH ST", "11799"
"WARDEN AVE / BAMBURGH CRCL", "1189"
"MCNICOLL AVE / HAROLD EVANS CRES / PLACER CRT", "464"
"ST CLAIR AVE W / SPADINA RD", "2028"
"FINCH AVE W / SENLAC RD", "557"
"WELLESLEY ST E / HOMEWOOD AVE", "2798"
"BLOOR ST W / ST GEORGE ST", "20185"
"SHEPPARD AVE W / CHESSWOOD DR", "563"
"MCCOWAN RD / MCNICOLL AVE", "612"
"MIDLAND AVE / MCNICOLL AVE", "703"
"QUEEN ST E / LESLIE ST", "1685"
"VICTORIA PARK AVE / CRAIGTON DR / JONESVILLE CRES", "1515"
"THE EAST MALL / EAST MALL CRES", "233"
"BAY ST / BLOOR ST W", "29629"
"SHEPPARD AVE E / BAYVIEW AVE", "2161"
"MOUNT PLEASANT RD / BROADWAY AVE", "1976"
"BATHURST ST / ADELAIDE ST W", "2667"
"OSSINGTON AVE / ACORES AVE", "162"
"BLOOR ST W / LANSDOWNE AVE", "3872"
"DUFFERIN ST / DAVENPORT RD", "1293"
"EGLINTON AVE W / NORTHCLIFFE BLVD", "2900"
"BRIMLEY RD / CHILLERY AVE", "187"
"BAYVIEW AVE / MCKEE AVE", "297"
"FINCH AVE E / WILLOWDALE AVE", "641"
"FINCH AVE E / ALEXMUIR BLVD / CHARTLAND BLVD S", "244"
"CALEDONIA RD / CASTLEFIELD AVE", "330"
"QUEEN ST E / COXWELL AVE", "2920"
"BIRCHMOUNT RD / ANACONDA AVE", "178"
"LAKE SHORE BLVD W / ROYAL YORK RD", "400"
"ELLESMERE RD / SCARBOROUGH GOLF CLUB RD / HELICON GT", "190"
"DOVERCOURT RD / HEPBOURNE ST", "1574"
"YORK ST / BREMNER BLVD", "12237"
"CARLINGVIEW DR / FASKEN DR", "62"
"ISLINGTON AVE / BIRMINGHAM ST", "359"
"ELLESMERE RD / MORRISH RD", "268"
"BAYVIEW AVE / BROADWAY AVE", "1133"
"AVENUE RD / BALMORAL AVE", "1605"
"EVANS AVE / THE EAST MALL", "131"
"ST CLAIR AVE W / LAUGHTON AVE", "1265"
"YONGE ST / PATRICIA AVE", "1121"
"FINCH AVE W / 400 S FINCH W RAMP", "31"
"EGLINTON AVE W / ENNERDALE RD", "3069"
"ROYAL YORK RD / MIMICO AVE", "895"
"QUEEN ST E / BROADVIEW AVE", "4441"
"CALEDONIA RD / BENTWORTH AVE", "240"
"EASTERN AVE / LARCHMOUNT AVE", "141"
"DUFFERIN ST / LAWRENCE AVE W", "2378"
"AVENUE RD / ELGIN AVE", "2673"
"MEADOWVALE RD / EUCLID AVE / LAVERY TRL", "169"
"SPADINA AVE / SUSSEX AVE", "2639"
"LAWRENCE AVE W / CULFORD RD", "1630"
"MARTIN GROVE RD / SILVERSTONE DR", "536"
"WARDEN AVE / 401 C E WARDEN AV S RAMP", "13"
"WARDEN AVE / BRIDLETOWNE CRCL", "399"
"BLOOR ST W / SHAW ST", "2426"
"DUNDAS ST W / PRINCE EDWARD DR N", "385"
"WILLOWDALE AVE / EMPRESS AVE", "225"
"EGLINTON AVE E / BRENTCLIFFE RD", "1107"
"DIXON RD / CELESTINE DR", "241"
"BIRCHMOUNT RD / FOXRIDGE DR", "149"
"MCCOWAN RD / ST ANDREWS RD", "159"
"BATHURST ST / WELLS ST", "804"
"YONGE ST / 401 C W YONGE ST S RAMP", "10"
"BAYVIEW AVE / POTTERY RD", "7"
"FINCH AVE W / HUMBERLINE DR", "280"
"BIRCHMOUNT RD / RANSTONE GDNS", "98"
"FINCH AVE E / MIDDLEFIELD RD", "458"
"DUNDAS ST W / MC CAUL ST", "11071"
"SCARLETT RD / EDINBOROUGH CRT", "136"
"FINCH AVE W / WESTMORE DR", "461"
"BIRCHMOUNT RD / VAUXHALL DR", "379"
"WILSON AVE / WENDELL AVE", "457"
"COLLEGE ST / BATHURST ST", "8776"
"THE QUEENSWAY / GRAND AVE", "110"
"LAWRENCE AVE W / ALLEN X S LAWRENCE E RAMP / LAWRENCE W ALLEN X S RAMP", "6481"
"OSSINGTON AVE / ARGYLE ST", "2270"
"MIDLAND AVE / PITFIELD RD", "169"
"DUNDAS ST W / OSSINGTON AVE", "7315"
"EGLINTON AVE W / LLOYD MANOR RD / WIDDICOMBE HILL BLVD", "554"
"ISLINGTON AVE / NORSEMAN ST", "856"
"MIDDLEFIELD RD / ORATOR GT", "52"
"DON MILLS RD W / GOODVIEW RD", "353"
"QUEEN ST W / SORAUREN AVE", "1527"
"BAY ST / HAGERMAN ST", "1864"
"ST CLAIR AVE W / CALEDONIA RD / CALEDONIA PARK RD", "1496"
"BRIMLEY RD / HEATHER RD", "72"
"BAY ST / CHARLES ST W", "14606"
"SCARBOROUGH GOLF CLUB RD / BANKWELL AVE / SLAN AVE", "189"
"RENFORTH DR / CONVAIR DR", "116"
"BLOOR ST W / MARKLAND DR", "280"
"YORK MILLS RD / FENSIDE DR", "1324"
"DAVENPORT RD / LANSDOWNE AVE", "1151"
"ST CLAIR AVE W / WINONA DR", "2989"
"SHEPPARD AVE W / SENLAC RD", "390"
"MORNINGSIDE AVE / BEATH ST", "396"
"BELLAMY RD N / BRIMORTON DR", "159"
"PAPE AVE / FLOYD AVE", "2081"
"KING ST E / JARVIS ST", "7333"
"EGLINTON AVE E / DVP S EGLINTON RAMP / EGLINTON DVP S RAMP", "588"
"BATHURST ST / COCKSFIELD AVE", "271"
"DUNDAS ST E / BOULTON AVE", "1155"
"YORK MILLS RD / HARRISON RD", "167"
"COXWELL AVE / COSBURN AVE", "1838"
"SHEPPARD AVE E / VICTORIA PARK AVE", "3263"
"YONGE ST / ROXBOROUGH ST W", "2560"
"FORT YORK BLVD / FLEET ST", "517"
"KEELE ST / GLENLAKE AVE", "1487"
"LAKE SHORE BLVD W / REES ST", "1895"
"BLOOR ST W / BRUNSWICK AVE", "7093"
"MOUNT PLEASANT RD / MANOR RD E", "1698"
"WARDEN AVE / MANHATTAN DR", "230"
"WILLIAM R ALLEN RD / DUFFERIN ST / KENNARD AVE", "199"
"BLOOR ST W / CLENDENAN AVE", "1826"
"KENNEDY RD / FINCH AVE E", "1670"
"ROYAL YORK RD / EDENBRIDGE DR", "86"
"WILSON AVE / JANE ST", "5651"
"DUNDAS ST W / PACIFIC AVE", "2789"
"REXDALE BLVD / TIDEMORE AVE", "89"
"EGLINTON AVE W / BLACKTHORN AVE", "743"
"KINGSTON RD / WARDEN AVE", "700"
"GERRARD ST E / SUMACH ST", "1071"
"ELLESMERE RD / PHARMACY AVE", "1697"
"WILLIAM R ALLEN RD / SHEPPARD AVE W", "1287"
"JANE ST / ST CLAIR AVE W", "637"
"ST CLAIR AVE E / BIRCHMOUNT RD", "1019"
"LAKE SHORE BLVD W / THIRD ST", "1409"
"DUNDAS ST W / SCARLETT RD", "344"
"DANFORTH AVE / MONARCH PARK AVE", "1972"
"DUNDAS ST E / MUNRO ST", "764"
"QUEEN ST E / PAPE AVE", "2583"
"WESTON RD / FINCH AVE W", "3092"
"BATHURST ST / AVA RD", "282"
"LAKE SHORE BLVD W / STADIUM RD", "717"
"OVERLEA BLVD / WILLIAM MORGAN DR", "1060"
"NEILSON RD / 401 C E NEILSON RD RAMP / NEILSON RD 401 C E RAMP", "12"
"MARKHAM RD / 401 C W MARKHAM RD S RAMP", "19"
"WESTON RD / RAY AVE", "569"
"FINCH AVE E / BRIDLETOWNE CRCL", "920"
"LAWRENCE AVE E / CROCKFORD BLVD", "395"
"LAWRENCE AVE E / VICTORIA PARK AVE", "4699"
"KING ST E / SUMACH ST", "1153"
"BATHURST ST / YORK DOWNS DR", "462"
"DUFFERIN ST / DUFFERIN PARK AVE", "2516"
"KINGSTON RD / MORNINGSIDE AVE", "2070"
"DANFORTH RD / SEMINOLE AVE", "258"
"PARKSIDE DR / HIGH PARK BLVD", "911"
"MARLEE AVE / ROSELAWN AVE", "1280"
"LAKE SHORE BLVD W / TWENTY SECOND ST", "2967"
"BLOOR ST W / BROCK AVE", "2082"
"ISLINGTON AVE / WINNIPEG RD", "37"
"THE QUEENSWAY / THE WEST MALL", "70"
"BAY ST / ALBERT ST", "9629"
"SHEPPARD AVE E / GATEFORTH DR", "323"
"BEECROFT RD / CHURCHILL AVE", "560"
"BELFIELD RD / IRON ST", "59"
"ORIOLE PKWY / CHAPLIN CRES", "716"
"VICTORIA PARK AVE / YORK MILLS RD", "449"
"GERRARD ST E / SACKVILLE ST", "2707"
"YONGE ST / RANLEIGH AVE", "5040"
"VICTORIA PARK AVE / CLYDESDALE DR", "284"
"JANE ST / ARDAGH ST", "629"
"DON MILLS RD / DUNCAN MILL RD / GRAYDON HALL DR", "1294"
"ST GEORGE ST / WILLCOCKS ST", "5051"
"KEELE ST / THE POND RD", "203"
"JARVIS ST / SHUTER ST", "3747"
"SHEPPARD AVE E / GRAND MARSHALL DR / WATER TOWER GT", "273"
"ST CLAIR AVE W / SCARLETT RD", "274"
"LAWRENCE AVE E / MOSSBANK DR", "838"
"MIDLAND AVE / COPTHORNE AVE / PASSMORE AVE", "367"
"QUEEN ST E / GLEN MANOR DR", "1261"
"KENNEDY RD / NORCAP AVE", "138"
"PARKWOODS VILLAGE DR / BROOKBANKS DR", "497"
"PARKWOODS VILLAGE DR / GISBURN RD", "800"
"ISLINGTON AVE / GOLFDOWN DR", "228"
"LAKE SHORE BLVD E / LOWER SHERBOURNE ST", "952"
"DUNDAS ST W / HIGH PARK AVE", "1633"
"SPADINA AVE / FRONT ST W", "4619"
"MIDLAND AVE / EMBLEM CRT", "173"
"FINCH AVE W / JOHN GARLAND BLVD / SILVERSTONE DR", "1047"
"LAKE SHORE BLVD W / HILLSIDE AVE", "438"
"BAY ST / WELLESLEY ST W", "18418"
"LAKE SHORE BLVD W / ELLIS AVE", "176"
"QUEEN ST W / ST PATRICK ST", "3438"
"DUNDAS ST E / LESLIE ST", "992"
"EGLINTON AVE W / RICHARDSON AVE", "912"
"SENTINEL RD / MURRAY ROSS PKWY", "1468"
"BLACK CREEK DR / LAWRENCE AVE W", "37"
"PROGRESS AVE / BELLAMY RD N / CORPORATE DR", "163"
"FINCH AVE W / MILADY RD", "368"
"BAYVIEW AVE / RIVER ST", "103"
"MARKHAM RD / GREENBRAE CRCT / GREENHOLM CRCT", "643"
"GERRARD ST E / CARLAW AVE", "3177"
"LAKE SHORE BLVD W / FIFTH ST", "1948"
"DANFORTH AVE / JONES AVE", "2832"
"EGLINTON AVE W / ROYAL YORK RD", "449"
"LAWRENCE AVE W / BLOSSOMFIELD DR", "568"
"VICTORIA PARK AVE / CONSUMERS RD / MEADOWACRES DR", "2504"
"COLLEGE ST / MC CAUL ST", "7722"
"SHEPPARD AVE E / SHORTING RD", "659"
"BLOOR ST W / JACKSON AVE", "722"
"ALBION RD / THISTLE DOWN BLVD / RIVERDALE DR", "462"
"DANFORTH AVE / SIBLEY AVE", "1530"
"DAWES RD / SECORD AVE", "371"
"LESLIE ST / DEXTER BLVD", "555"
"BAYVIEW AVE / MOORE AVE", "753"
"LESLIE ST / NYMARK AVE", "318"
"SHEPPARD AVE W / LAURA RD", "167"
"ROYAL YORK RD / LA ROSE AVE", "814"
"DUNDAS ST E / ONTARIO ST", "2459"
"ALBION RD / CODLIN CRES / CLAIREPORT CRES", "81"
"BURNHAMTHORPE RD / MARTIN GROVE RD", "369"
"LAWRENCE AVE W / CALEDONIA RD", "930"
"LAWRENCE AVE E / PHARMACY AVE", "1965"
"KENNEDY RD / SHEPPARD AVE E", "4037"
"KEELE ST / GRACEFIELD AVE", "172"
"LAKE SHORE BLVD W / BUDAPEST LANE", "236"
"KIPLING AVE / PENLEA AVE", "363"
"DANFORTH AVE / PHARMACY AVE", "831"
"NEILSON RD / MILITARY TRL", "284"
"BRIMLEY RD / PROGRESS AVE", "110"
"KING ST W / NIAGARA ST", "2931"
"MOUNT PLEASANT RD / EGLINTON AVE E", "6602"
"MORTIMER AVE / WOODMOUNT AVE", "191"
"FRONT ST W / BLUE JAYS WAY", "17689"
"BIRCHMOUNT RD / BERTRAND AVE", "177"
"PHARMACY AVE / SURREY AVE", "933"
"DUNDAS ST E / RIVER ST", "1407"
"DUFFERIN ST / ROWAN AVE", "313"
"EGLINTON AVE E / SINNOTT RD", "672"
"YONGE ST / KEMPFORD BLVD", "2549"
"BATHURST ST / LAWRENCE AVE W", "3429"
"DUPONT ST / EDWIN AVE", "856"
"SPADINA AVE / SULLIVAN ST", "5444"
"PAPE AVE / COSBURN AVE", "7481"
"LESLIE ST / VAN HORNE AVE / TANGLE BRIARWAY", "289"
"ADELAIDE ST E / FREDERICK ST", "3453"
"SHEPPARD AVE E / LAPSLEY RD / WASHBURN WAY", "808"
"BLOOR ST W / ST THOMAS ST", "2023"
"KING ST W / DOWLING AVE", "908"
"BRIMLEY RD / CHARTLAND BLVD S", "262"
"WILLIAM R ALLEN RD / RIMROCK RD", "326"
"AVENUE RD / BROOKE AVE", "1366"
"YORK ST / WELLINGTON ST W", "32338"
"BATHURST ST / RANEE AVE", "666"
"KEELE ST / MAPLE LEAF DR", "222"
"ISLINGTON AVE / MONOGRAM PL", "298"
"BERMONDSEY RD / BARTLEY DR", "129"
"DANFORTH RD / NESTON AVE / TYNE CRT", "253"
"FINCH AVE E / 404 S FINCH RAMP", "155"
"FINCH AVE E / CHEROKEE BLVD", "694"
"EGLINTON AVE E / FORMAN AVE", "872"
"BLOOR ST W / MONTGOMERY RD", "852"
"KING ST E / BERKELEY ST", "3714"
"ELLESMERE RD / BRIMLEY RD", "677"
"WESTON RD / ERNEST DOCKRAY AVE", "412"
"DANFORTH RD / HART AVE", "117"
"RICHMOND ST E / GEORGE ST", "2605"
"AVENUE RD / 401 C W AVENUE RD RAMP", "75"
"THE QUEENSWAY / ELLIS AVE", "455"
"MARKHAM RD / SELECT AVE", "101"
"VICTORIA PARK AVE / COMBERMERE DR", "566"
"VICTORIA PARK AVE / ROWENA DR", "945"
"FINCH AVE W / CHESSWOOD DR", "437"
"BATHURST ST / SARANAC BLVD", "687"
"LOWER JARVIS ST / THE ESPLANADE", "5396"
"SIGNET DR / GARYRAY DR", "69"
"FINCH AVE W / HUMBER COLLEGE BLVD", "933"
"MARTIN GROVE RD / JOHN GARLAND BLVD", "1604"
"BLACK CREEK DR / TRETHEWEY DR", "113"
"FINCH AVE W / SENTINEL RD", "3050"
"EGLINTON AVE E / HOYLE AVE", "648"
"DUNDAS ST E / JONES AVE", "1377"
"SHEPPARD AVE W / ARROW RD", "34"
"LAKE SHORE BLVD W / SYMONS ST", "509"
"WESTON RD / BLACK CREEK DR / HUMBER BLVD", "687"
"MOUNT PLEASANT RD / BELSIZE DR", "1708"
"WILSON AVE / DUBRAY AVE", "1641"
"SPADINA RD / HEATH ST W", "326"
"STEELES AVE W / FOUNDERS RD", "233"
"KINGSTON RD / MANSE RD", "258"
"BAY ST / ST JOSEPH ST", "6083"
"ALBION RD / MARTIN GROVE RD", "1831"
"STEELES AVE E / LAURELEAF RD S", "301"
"MIDLAND AVE / HAVENDALE RD", "155"
"AVENUE RD / 401 C E AVENUE RD RAMP", "88"
"BAYVIEW AVE / MANOR RD E / FLEMING CRES", "2011"
"EASTERN AVE / KNOX AVE", "250"
"MCCOWAN RD / BUSHBY DR / TOWN CENTRE CRT", "1082"
"KINGSTON RD / SCARBOROUGH GOLF CLUB RD", "374"
"DAWES RD / GOWER ST", "1177"
"MCCOWAN RD / BRIMORTON DR", "319"
"LAWRENCE AVE E / THE DONWAY W", "1538"
"WOODBINE AVE / LUMSDEN AVE / MORTIMER AVE", "714"
"QUEEN ST E / PARLIAMENT ST", "4769"
"MARTIN GROVE RD / RAMPART RD", "547"
"DUNDAS ST E / CARLAW AVE", "1241"
"WESTON RD / HABITANT DR", "1664"
"CALEDONIA RD / KITCHENER AVE", "569"
"VICTORIA PARK AVE / VAN HORNE AVE / FERNCREST GT", "674"
"KING ST W / TECUMSETH ST", "4831"
"ROGERS RD / GLENHOLME AVE", "825"
"DUFFERIN ST / FINCH AVE W", "1056"
"KIPLING AVE / OLIVEWOOD RD", "237"
"OSSINGTON AVE / HALLAM ST", "699"
"DUNDAS ST W / SHAW ST", "1839"
"DUFFERIN ST / OVERBROOK PL / STEEPROCK DR", "411"
"BAY ST / QUEEN ST W", "20612"
"ST CLAIR AVE W / LANSDOWNE AVE", "3079"
"BLOOR ST W / WILMAR RD", "124"
"RENFORTH DR / RENFORTH 427 S RAMP", "8"
"DUNDAS ST W / DENISON AVE", "4598"
"WARDEN AVE / MCNICOLL AVE", "817"
"BLOOR ST W / BEDFORD RD", "10951"
"ALBION RD / WESTMORE DR", "238"
"BURNHAMTHORPE RD / MILL RD", "629"
"GERRARD ST E / GREENWOOD AVE", "2050"
"ST CLAIR AVE W / ALBERTA AVE", "2767"
"KIPLING AVE / JOHN GARLAND BLVD", "258"
"BATHURST ST / BAYCREST AVE", "1584"
"QUEEN ST W / NIAGARA ST", "1231"
"KING ST W / JOE SHUSTER WAY", "847"
"EGLINTON AVE E / MIDLAND AVE", "2723"
"MOUNT PLEASANT RD / ELM AVE", "1057"
"KEELE ST / 401 C E KEELE ST RAMP", "316"
"BATHURST ST / HARBORD ST", "3012"
"UNIVERSITY AVE / QUEEN ST W", "10824"
"YONGE ST / CUMMER AVE / DREWRY AVE", "2794"
"WESTON RD / LANYARD RD", "250"
"KING ST W / PORTLAND ST", "14142"
"BLOOR ST W / MILL RD", "826"
"BRENTCLIFFE RD / VANDERHOOF AVE", "714"
"ST CLAIR AVE W / OLD WESTON RD", "2020"
"DANFORTH AVE / CHESTER AVE", "4132"
"RANEE AVE / VARNA DR", "404"
"DUFFERIN ST / CASTLEFIELD AVE", "1115"
"SCARBOROUGH GOLF CLUB RD / BRIMORTON DR", "772"
"BATHURST ST / RICHMOND ST W", "3918"
"DAVENPORT RD / BELMONT ST / NEW ST", "1209"
"AVENUE RD / LYTTON BLVD", "128"
"QUEEN ST W / YORK ST", "7961"
"ISLINGTON AVE / SUMMITCREST DR", "214"
"DANFORTH RD / MACK AVE", "164"
"AVENUE RD / CARMICHAEL AVE", "714"
"LESLIE ST / MAROWYNE DR", "380"
"LESLIE ST / RAVEL RD", "166"
"ST CLAIR AVE W / RUNNYMEDE RD", "1781"
"EGLINTON AVE E / BANFF RD", "841"
"KIPLING AVE / BELFIELD RD", "235"
"TRETHEWEY DR / CLEARVIEW HTS", "783"
"LAWRENCE AVE E / ELINOR AVE", "367"
"QUEEN ST E / LOGAN AVE", "3049"
"BAY ST / ELM ST", "16952"
"MARKHAM RD / MILNER AVE", "398"
"EGLINTON AVE W / OLD FOREST HILL RD", "860"
"MARTIN GROVE RD / RATHBURN RD", "152"
"LAKE SHORE BLVD W / COLBORNE LODGE DR", "56"
"MOUNT PLEASANT RD / MERTON ST", "744"
"BRIMLEY RD / ST ANDREWS RD / APPLEFIELD DR", "404"
"MORNINGSIDE AVE / CORONATION DR", "296"
"VICTORIA PARK AVE / SURREY AVE", "238"
"WARDEN AVE / WAYNE AVE", "195"
"SHEPPARD AVE E / WARDEN AVE", "2612"
"KEELE ST / HUMBERSIDE AVE", "708"
"MARTIN GROVE RD / MILLBURN DR", "131"
"DUFFERIN ST / SHANLY ST", "663"
"ISLINGTON AVE / ELMHURST DR", "1335"
"GERRARD ST E / MARJORY AVE", "2347"
"MORNINGSIDE AVE / 401 C E MORNINGSIDE AVE S RAMP", "83"
"ISLINGTON AVE / THE KINGSWAY", "97"
"ELLESMERE RD / DOLLY VARDEN BLVD", "534"
"KINGSTON RD / PORT UNION RD / SHEPPARD AVE E", "245"
"SCARLETT RD / ALMA DR / SCARLETTWOOD CRT", "223"
"RICHMOND ST E / BERKELEY ST", "705"
"SHEPPARD AVE W / SENTINEL RD", "658"
"JANE ST / EXBURY RD / CHALKFARM DR", "737"
"QUEEN ST E / LEE AVE", "3476"
"BURNHAMTHORPE RD / OLD BURNHAMTHORPE RD / SATURN RD", "525"
"DUNDAS ST W / POPLAR AVE / SUBWAY CRES", "1332"
"DANFORTH RD / SAVARIN ST", "748"
"BLOOR ST W / ROYAL YORK RD", "3056"
"EVANS AVE / GAIR DR", "251"
"YONGE ST / AYLMER AVE / BELMONT ST", "3434"
"SHEPPARD AVE E / PHARMACY AVE", "830"
"LAWRENCE AVE W / PINE ST", "1511"
"DUNDAS ST E / PARLIAMENT ST", "6698"
"STEELES AVE E / TOWNSEND RD / STEELES AV E 404 S RAMP", "618"
"YORK MILLS RD / LESMILL RD / YORK MILLS ACCESS RAMP", "1872"
"ADELAIDE ST W / JOHN ST", "16007"
"DUNDAS ST W / BEVERLEY ST", "4911"
"BLOOR ST W / OLD MILL TRL", "496"
"VAUGHAN RD / KENWOOD AVE", "921"
"ROYAL YORK RD / ALLANHURST DR", "155"
"KINGSTON RD / BIRCHCLIFF AVE", "559"
"KING ST W / ATLANTIC AVE", "2769"
"FINCH AVE E / MIDLAND AVE", "1891"
"ST CLAIR AVE E / MIDLAND AVE", "446"
"CARLTON ST / ONTARIO ST", "2058"
"ROGERS RD / SILVERTHORN AVE", "1050"
"EGLINTON AVE E / BERMONDSEY RD / SLOANE AVE", "1016"
"ISLINGTON AVE / MILADY RD", "191"
"BATHURST ST / ULSTER ST", "1931"
"QUEEN ST E / VICTORIA ST", "24100"
"QUEEN ST E / JONES AVE", "1549"
"QUEENS QUAY E / LOWER JARVIS ST", "922"
"DUPONT ST / SYMINGTON AVE", "1581"
"KINGSTON RD / GLEN MANOR DR", "994"
"STEELES AVE E / WARDEN AVE", "2125"
"MORNINGSIDE AVE / MILNER AVE", "552"
"PROGRESS AVE / BOROUGH DR", "123"
"LAWRENCE AVE E / BARRYMORE RD", "565"
"ST CLAIR AVE W / RUSSELL HILL RD", "834"
"SHEPPARD AVE E / BRECKON GT / BRENYON WAY", "292"
"KINGSTON RD / QUEENSBURY AVE", "248"
"WARDEN AVE / FIRVALLEY CRT", "821"
"DUFFERIN ST / BRANDON AVE", "586"
"STEELES AVE E / MIDLAND AVE", "1735"
"DUFFERIN ST / ROGERS RD", "2065"
"BEECROFT RD / ELMHURST AVE", "1092"
"KING ST W / JOHN ST", "25059"
"BATHURST ST / HORSHAM AVE / BLUE FLAG GT", "170"
"AVENUE RD / LAWRENCE AVE W", "2674"
"EGLINTON AVE E / SUTHERLAND DR", "827"
"BATHURST ST / SHEPPARD AVE W", "2442"
"KIPLING AVE / LONGFIELD RD / THE KINGSWAY", "313"
"DUNDAS ST W / MABELLE AVE", "819"
"ELLESMERE RD / MIDLAND AVE", "512"
"GREENWOOD AVE / SAMMON AVE", "748"
"BAYVIEW AVE / 401 C E BAYVIEW RAMP", "116"
"SHEPPARD AVE E / CONSUMERS RD / BRIAN DR", "1571"
"AVENUE RD / FAIRLAWN AVE", "1089"
"ROGERS RD / NAIRN AVE", "780"
"EASTERN AVE / LESLIE ST", "1535"
"LAKE SHORE BLVD W / NEWFOUNDLAND RD / ONTARIO PLACE BLVD", "120"
"BLOOR ST W / HURON ST", "7851"
"DANFORTH RD / KENNEDY RD", "91"
"JANE ST / MAPLE LEAF DR / CHURCH ST", "1172"
"EVANS AVE / EVANS W 427 C N RAMP", "51"
"ORIOLE PKWY / KILBARRY RD", "467"
"KENNEDY RD / HAVENDALE RD", "419"
"KINGSTON RD / OVERTURE RD / PAYZAC AVE", "416"
"ROYAL YORK RD / GLENROY AVE", "368"
"LAKE SHORE BLVD W / SUPERIOR AVE", "2785"
"MIDDLEFIELD RD / INGLETON BLVD / PASSMORE AVE", "175"
"THE QUEENSWAY / STEPHEN DR", "324"
"AVENUE RD / EDMUND AVE", "702"
"EGLINTON AVE W / SPADINA RD", "416"
"WESTON RD / GARYRAY DR", "148"
"DUFFERIN ST / BLOOR ST W", "12277"
"ISLINGTON AVE / JUTLAND RD", "708"
"KENNEDY RD / TROJAN GT", "399"
"COLLEGE ST / EUCLID AVE", "4410"
"BATHURST ST / GLENCAIRN AVE", "1482"
"SCARLETT RD / EDENBRIDGE DR", "156"
"SHEPPARD AVE E / FAIRVIEW MALL DR", "157"
"SHEPPARD AVE E / MEADOWVALE RD", "977"
"WILLOWDALE AVE / BYNG AVE", "672"
"BATHURST ST / TICHESTER RD", "1127"
"KINGSTON RD / MCCOWAN RD / CATHEDRAL BLUFFS DR", "1137"
"KINGSTON RD / RIDGEMOOR AVE / SHARPE ST", "799"
"BRIMLEY RD / MCNICOLL AVE", "191"
"MILNER AVE / PROGRESS AVE", "402"
"MCCOWAN RD / SANDHURST CRCL", "1466"
"NEILSON RD / KEELER BLVD / OAKMEADOW BLVD", "176"
"KIPLING AVE / BLOOR ST W / KIPLING N DUNDAS W RAMP", "104"
"ST CLAIR AVE W / DEER PARK CRES", "6520"
"ISLINGTON AVE / FORDWICH CRES", "282"
"DIXON RD / CHETTA PL / WINCOTT DR", "682"
"SHEPPARD AVE W / ARLETA AVE / NORTHOVER ST", "1591"
"ALBION RD / FINCH AVE W", "2920"
"BIRCHMOUNT RD / SANWOOD BLVD / WINTERMUTE BLVD", "353"
"FRONT ST E / PRINCESS ST", "2092"
"EGLINTON AVE W / 27 401 427 EGLINTON E RAMP", "0"
"COLLEGE ST / AUGUSTA AVE", "3491"
"HUMBER COLLEGE BLVD / HUMBERLINE DR", "1295"
"YONGE ST / CHARLES ST E", "12829"
"WESTON RD / 401 C E WESTON RD RAMP", "197"
"EASTERN AVE / TRINITY ST", "487"
"HORNER AVE / THIRTIETH ST", "350"
"DANFORTH AVE / LOGAN AVE", "6884"
"COMSTOCK RD / LEBOVIC AVE", "101"
"DAVENPORT RD / OAKWOOD AVE", "974"
"MARKHAM RD / PASSMORE AVE", "47"
"QUEEN ST E / BEECH AVE", "2129"
"DANFORTH RD / BIRCHMOUNT RD", "953"
"KING ST E / CHURCH ST", "20866"
"NEILSON RD / LIVONIA PL / PURPLEDUSK TRL", "274"
"ELLESMERE RD / BELLAMY RD N", "840"
"BLOOR ST W / PRINCE EDWARD DR N / PRINCE EDWARD DR S", "1187"
"BAY ST / GERRARD ST W", "12211"
"BLOOR ST W / OSSINGTON AVE", "8063"
"LAWRENCE AVE W / LEDBURY ST", "493"
"KINGSTON RD / LAWRENCE AVE E", "2590"
"DUNDAS ST E / SUMACH ST", "1513"
"BATHURST ST / NEPTUNE DR", "991"
"WILSON AVE / TRANSIT RD / BILLY BISHOP WAY", "761"
"KINGSTON RD / MIDLAND AVE", "1644"
"MARTIN GROVE RD / MERCURY RD / WESTHUMBER BLVD", "217"
"BATHURST ST / FRONT ST W", "830"
"BATHURST ST / CEDARCROFT BLVD / PATRICIA AVE", "1265"
"DUFFERIN ST / ASCOT AVE", "649"
"UNIVERSITY AVE / ARMOURY ST", "7660"
"ROYAL YORK RD / GOVERNMENT RD", "190"
"RICHMOND ST W / JOHN ST", "14291"
"CALEDONIA RD / ORFUS RD", "309"
"KINGSTON RD / CHINE DR", "241"
"WILMINGTON AVE / OVERBROOK PL", "1028"
"WARDEN AVE / 401 C W WARDEN AV RAMP", "14"
"DUFFERIN ST / BOWIE AVE / WHITMORE AVE", "780"
"BIRCHMOUNT RD / FUNDY BAY BLVD / IVY BUSH AVE", "128"
"ADELAIDE ST W / PETER ST", "9463"
"KEELE ST / ANNETTE ST", "933"
"WILSON AVE / LEXFIELD AVE / HIGHVIEW AVE", "461"
"JANE ST / LAMBTON AVE", "270"
"SHEPPARD AVE E / ALLANFORD RD", "1398"
"ISLINGTON AVE / TITAN RD", "302"
"GARDINER E PARK LAWN RD RAMP / LEGION RD N", "0"
"DON MILLS RD / OVERLEA BLVD / GATEWAY BLVD", "6014"
"MARKHAM RD / PROGRESS AVE", "475"
"DANFORTH AVE / DANFORTH RD", "113"
"BLOOR ST W / THE EAST MALL", "742"
"ISLINGTON AVE / BERING AVE", "400"
"MEADOWVALE RD / 401 C E MEADOWVALE RD RAMP", "17"
"KENNEDY RD / PASSMORE AVE / PURCELL SQ", "496"
"MCCOWAN RD / ALTON TOWERS CRCL", "1060"
"LAKE SHORE BLVD W / THIRTEENTH ST", "644"
"MARKHAM RD / MCNICOLL AVE", "188"
"BIRCHMOUNT RD / LAURA SECORD WALK", "136"
"BRIMLEY RD / DEERFIELD RD", "223"
"DUFFERIN ST / HOPE ST", "551"
"KEELE ST / DOVEHOUSE AVE", "264"
"MOUNT PLEASANT RD / BLYTHWOOD RD", "381"
"ELLESMERE RD / MILITARY TRL", "2498"
"OLD KINGSTON RD / MILITARY TRL", "39"
"DUFFERIN ST / GORDON ST", "1094"
"THE QUEENSWAY / WINDERMERE AVE", "1446"
"EGLINTON AVE W / WESTON RD", "2203"
"DUPLEX AVE / GLENGROVE AVE W", "720"
"GERRARD ST E / ONTARIO ST", "1633"
"DAVENPORT RD / OSLER ST", "811"
"MARTIN GROVE RD / 409 E MARTIN GROVE RAMP", "16"
"DANFORTH AVE / WOODINGTON AVE", "3336"
"KENNEDY RD / HUNTINGWOOD DR", "167"
"FINCH AVE E / BLACKBIRD GT", "161"
"BATHURST ST / BURTON RD / STRATHEARN RD", "345"
"VICTORIA PARK AVE / GORDON BAKER RD", "237"
"WYNFORD DR / GERVAIS DR", "717"
"THE QUEENSWAY / COLBORNE LODGE DR", "642"
"BLOOR ST W / RUNNYMEDE RD", "11632"
"WILLOWDALE AVE / BISHOP AVE", "154"
"MCCOWAN RD / 401 C W MCCOWAN RD S RAMP", "206"
"UNIVERSITY AVE / ELM ST", "17276"
"SPADINA RD / OLD FOREST HILL RD", "664"
"YONGE ST / MERTON ST", "707"
"SPADINA AVE / NASSAU ST", "7440"
"BATHURST ST / ROSELAWN AVE / ELM RIDGE DR", "782"
"DUNDAS ST W / HURON ST", "9393"
"BIRCHMOUNT RD / HUNTINGWOOD DR", "162"
"DUNDAS ST E / LOGAN AVE", "821"
"DAVENPORT RD / DUPONT ST", "1769"
"DUNDAS ST W / CHESTNUT HILLS CRES", "333"
"BLOOR ST E / TED ROGERS WAY", "9810"
